{"theta": [-45029.29418723988, -13864.422868570637, -170.75238102602646, -378.68730004089485, 1835.500390772098, 14079.370224566628, 4238.990660217009, 6863.78322799818, 6030.42374268868, 1787.7257585933064, 37126.025104015294, -69238.84752382753, -976.091605908516, 4887.949413631544, -58.27652797624802, 11421.299248909278, 58.27652798059712, -324.23801955776577, -3901.40245874133, 346.53665023660153, 39.1304858106397, -2671.3034588998985, 9.22296967556584, -675.3035453493146, -555.2275670459774, 1876.39662914622, 18243.386119573894, 7297.019859148889, 12719.497729834773, -3184.0030184946713, 2485.7938719970093, 2278.01333153634, -26693.78547996573, -2007.8329288864836, -10278.872851098806, 2605.8172281677007, -3516.252876425186, -3572.7181996545846, 47586.98676003521, -849.375623572671, 574.2796088696123, -1569.181146687276, -2019.1309384962387, 3222.6651907381515, 94.3306396838336, -5660.154826797912, -5956.430584243394, -6480.419730395819, 3244.085896917543, 3969.989788302048, 5135.109741790027, -7299.639401107726, 12810.470792813641, 12182.28369427836, -71898.90324754376], "mu": [0.50390625, 4.1348760353165925e-17, 1.879283765641541e-19, 0.4836895998815331, 0.4536291490500472, 0.41548972433169656, 0.10118900121341017, 0.29268364483874787, 0.4143045302268912, 0.5394161183919194, 0.30333116319445047, 0.3846159580740096, 0.4781681991022296, 0.2571165611454144, 0.15001562260797333, 0.21421966692815633, 0.8499843773922996, 0.8499843773922995, 0.003346353691804193, -0.02651588044016632, -0.005813123270720643, 2.3727887059220314, 0.05147243845984921, 0.05180760142475512, 0.4111299178135281, 0.3855771676846877], "sd": [0.28866828355106755, 0.7071067821865475, 0.7071067821865475, 0.06690475665107982, 0.10776882320438637, 0.2561838376505732, 0.0454704617661037, 0.25594972412601036, 0.2625803066360285, 0.265110726721736, 0.355989550036313, 0.2602828718828515, 0.4281974430651198, 0.06566770797058248, 0.0010345228591154656, 0.06624209958643983, 0.0010345228591154734, 0.00036546765645416806, 0.34090935544328665, 1.095600603733884, 0.3656547731705973, 1.2406520583037464, 0.17264883180706728, 0.17479235753344527, 0.05687571951088222, 0.09160246770290466], "inter_idx_pairs": [[0, 10], [0, 15], [0, 1], [0, 6], [0, 25], [0, 4], [0, 11], [10, 15], [10, 1], [10, 6], [10, 25], [10, 4], [10, 11], [15, 1], [15, 6], [15, 25], [15, 4], [15, 11], [1, 6], [1, 25], [1, 4], [1, 11], [6, 25], [6, 4], [6, 11], [25, 4], [25, 11], [4, 11]], "lam": 10.0, "kind": "linear_interactions", "cv_results": {"linear_interactions": {"mean_r2": 0.8065802150072574, "std_r2": 0.05910602270473603, "mean_mae": 28833.39726850799}, "binned_additive": {"mean_r2": 0.7290073285187566, "std_r2": 0.07743741659809822, "mean_mae": 37659.57701725245}, "lowrank_quadratic": {"mean_r2": -1.7624658374967699, "std_r2": 4.054606132179722, "mean_mae": 47697.81995482948}}, "chosen": "linear_interactions"}