seed,scenario,nonce,baseline,O0,O1,O4,OF,OA,OT,OV
42,BASELINE,5,16334.1934253334,1.307632387424924,1.307632387424924,1.4418600074766499,1.5451636866623062,1.307632387424924,1.3466916373929667,1.4662024695768912
