seed,scenario,nonce,baseline,O0,O1,O4,OF,OA,OT,OV
42,BASELINE,0,30227.6499516274,0.48093523574965513,0.48093523574965513,0.570819370212386,0.6238920536143145,0.48093523574965513,0.5172177977763158,0.5989982638170057
