seed,scenario,nonce,baseline,O0,O1,O4,OF,OA,OT,OV
42,CONGESTED,1,22351.904945304257,2.3827641033648117,2.3827641033648117,2.463019010115231,2.763923511746034,2.3827641033648117,2.4202288089228556,2.4580117567310173
